/*
SQLyog Ultimate - MySQL GUI v8.21 
MySQL - 5.6.15-log : Database - mobilsoft
*********************************************************************
*/

/*!40101 SET NAMES utf8 */;

/*!40101 SET SQL_MODE=''*/;

/*!40014 SET @OLD_UNIQUE_CHECKS=@@UNIQUE_CHECKS, UNIQUE_CHECKS=0 */;
/*!40014 SET @OLD_FOREIGN_KEY_CHECKS=@@FOREIGN_KEY_CHECKS, FOREIGN_KEY_CHECKS=0 */;
/*!40101 SET @OLD_SQL_MODE=@@SQL_MODE, SQL_MODE='NO_AUTO_VALUE_ON_ZERO' */;
/*!40111 SET @OLD_SQL_NOTES=@@SQL_NOTES, SQL_NOTES=0 */;
CREATE DATABASE /*!32312 IF NOT EXISTS*/`mobilsoft` /*!40100 DEFAULT CHARACTER SET utf8 */;

USE `mobilsoft`;

/*Table structure for table `departments` */

DROP TABLE IF EXISTS `departments`;

CREATE TABLE `departments` (
  `id` int(10) unsigned NOT NULL AUTO_INCREMENT,
  `title` varchar(255) NOT NULL,
  `created_at` timestamp NOT NULL DEFAULT '0000-00-00 00:00:00',
  `updated_at` timestamp NOT NULL DEFAULT '0000-00-00 00:00:00',
  PRIMARY KEY (`id`)
) ENGINE=InnoDB AUTO_INCREMENT=5 DEFAULT CHARSET=utf8;

/*Data for the table `departments` */

insert  into `departments`(`id`,`title`,`created_at`,`updated_at`) values (1,'Администрация','2015-11-25 11:06:01','2015-11-25 11:06:01'),(2,'Отдел 1','2015-11-25 11:06:01','2015-11-25 11:06:01'),(3,'Отдел 2','2015-11-25 11:06:01','2015-11-25 11:06:01'),(4,'Отдел 3','2015-11-25 11:06:01','2015-11-25 11:06:01');

/*Table structure for table `migrations` */

DROP TABLE IF EXISTS `migrations`;

CREATE TABLE `migrations` (
  `migration` varchar(255) NOT NULL,
  `batch` int(11) NOT NULL
) ENGINE=InnoDB DEFAULT CHARSET=utf8;

/*Data for the table `migrations` */

insert  into `migrations`(`migration`,`batch`) values ('2014_10_12_000000_create_users_table',1),('2014_10_12_100000_create_password_resets_table',1),('2015_11_25_100616_create_salary_table',1),('2015_11_25_101007_create_month_table',1),('2015_11_25_103543_create_departments_table',1),('2015_11_25_103940_create_subordination_table',1);

/*Table structure for table `month` */

DROP TABLE IF EXISTS `month`;

CREATE TABLE `month` (
  `id` int(10) unsigned NOT NULL AUTO_INCREMENT,
  `title` varchar(255) NOT NULL,
  `created_at` timestamp NOT NULL DEFAULT '0000-00-00 00:00:00',
  `updated_at` timestamp NOT NULL DEFAULT '0000-00-00 00:00:00',
  PRIMARY KEY (`id`)
) ENGINE=InnoDB AUTO_INCREMENT=13 DEFAULT CHARSET=utf8;

/*Data for the table `month` */

insert  into `month`(`id`,`title`,`created_at`,`updated_at`) values (1,'Январь','2015-11-25 11:06:01','2015-11-25 11:06:01'),(2,'Февраль','2015-11-25 11:06:01','2015-11-25 11:06:01'),(3,'Март','2015-11-25 11:06:01','2015-11-25 11:06:01'),(4,'Апрель','2015-11-25 11:06:01','2015-11-25 11:06:01'),(5,'Май','2015-11-25 11:06:01','2015-11-25 11:06:01'),(6,'Июнь','2015-11-25 11:06:01','2015-11-25 11:06:01'),(7,'Июль','2015-11-25 11:06:01','2015-11-25 11:06:01'),(8,'Август','2015-11-25 11:06:01','2015-11-25 11:06:01'),(9,'Сентябрь','2015-11-25 11:06:01','2015-11-25 11:06:01'),(10,'Октябрь','2015-11-25 11:06:01','2015-11-25 11:06:01'),(11,'Ноябрь','2015-11-25 11:06:01','2015-11-25 11:06:01'),(12,'Декабрь','2015-11-25 11:06:01','2015-11-25 11:06:01');

/*Table structure for table `password_resets` */

DROP TABLE IF EXISTS `password_resets`;

CREATE TABLE `password_resets` (
  `email` varchar(255) NOT NULL,
  `token` varchar(255) NOT NULL,
  `created_at` timestamp NOT NULL DEFAULT '0000-00-00 00:00:00',
  KEY `password_resets_email_index` (`email`),
  KEY `password_resets_token_index` (`token`)
) ENGINE=InnoDB DEFAULT CHARSET=utf8;

/*Data for the table `password_resets` */

/*Table structure for table `salary` */

DROP TABLE IF EXISTS `salary`;

CREATE TABLE `salary` (
  `id` int(10) unsigned NOT NULL AUTO_INCREMENT,
  `user_id` int(10) unsigned NOT NULL,
  `month_id` int(10) unsigned NOT NULL,
  `value` int(11) NOT NULL,
  `created_at` timestamp NOT NULL DEFAULT '0000-00-00 00:00:00',
  `updated_at` timestamp NOT NULL DEFAULT '0000-00-00 00:00:00',
  PRIMARY KEY (`id`)
) ENGINE=InnoDB AUTO_INCREMENT=97 DEFAULT CHARSET=utf8;

/*Data for the table `salary` */

insert  into `salary`(`id`,`user_id`,`month_id`,`value`,`created_at`,`updated_at`) values (1,1,1,55000,'2015-11-25 11:06:01','2015-11-25 11:06:01'),(2,2,1,37000,'2015-11-25 11:06:01','2015-11-25 11:06:01'),(3,3,1,30000,'2015-11-25 11:06:01','2015-11-25 11:06:01'),(4,4,1,22000,'2015-11-25 11:06:01','2015-11-25 11:06:01'),(5,5,1,20000,'2015-11-25 11:06:01','2015-11-25 11:06:01'),(6,6,1,24000,'2015-11-25 11:06:01','2015-11-25 11:06:01'),(7,7,1,20000,'2015-11-25 11:06:01','2015-11-25 11:06:01'),(8,8,1,20000,'2015-11-25 11:06:01','2015-11-25 11:06:01'),(9,1,2,50000,'2015-11-25 11:06:01','2015-11-25 11:06:01'),(10,2,2,30000,'2015-11-25 11:06:01','2015-11-25 11:06:01'),(11,3,2,30000,'2015-11-25 11:06:01','2015-11-25 11:06:01'),(12,4,2,23000,'2015-11-25 11:06:01','2015-11-25 11:06:01'),(13,5,2,20000,'2015-11-25 11:06:01','2015-11-25 11:06:01'),(14,6,2,20000,'2015-11-25 11:06:01','2015-11-25 11:06:01'),(15,7,2,20000,'2015-11-25 11:06:01','2015-11-25 11:06:01'),(16,8,2,20000,'2015-11-25 11:06:01','2015-11-25 11:06:01'),(17,1,3,50000,'2015-11-25 11:06:01','2015-11-25 11:06:01'),(18,2,3,30000,'2015-11-25 11:06:01','2015-11-25 11:06:01'),(19,3,3,30000,'2015-11-25 11:06:01','2015-11-25 11:06:01'),(20,4,3,20000,'2015-11-25 11:06:01','2015-11-25 11:06:01'),(21,5,3,20000,'2015-11-25 11:06:01','2015-11-25 11:06:01'),(22,6,3,20000,'2015-11-25 11:06:01','2015-11-25 11:06:01'),(23,7,3,20000,'2015-11-25 11:06:01','2015-11-25 11:06:01'),(24,8,3,20000,'2015-11-25 11:06:01','2015-11-25 11:06:01'),(25,1,4,50000,'2015-11-25 11:06:02','2015-11-25 11:06:02'),(26,2,4,30000,'2015-11-25 11:06:02','2015-11-25 11:06:02'),(27,3,4,30000,'2015-11-25 11:06:02','2015-11-25 11:06:02'),(28,4,4,20000,'2015-11-25 11:06:02','2015-11-25 11:06:02'),(29,5,4,20000,'2015-11-25 11:06:02','2015-11-25 11:06:02'),(30,6,4,20000,'2015-11-25 11:06:02','2015-11-25 11:06:02'),(31,7,4,22000,'2015-11-25 11:06:02','2015-11-25 11:06:02'),(32,8,4,20000,'2015-11-25 11:06:02','2015-11-25 11:06:02'),(33,1,5,50000,'2015-11-25 11:06:02','2015-11-25 11:06:02'),(34,2,5,30000,'2015-11-25 11:06:02','2015-11-25 11:06:02'),(35,3,5,30000,'2015-11-25 11:06:02','2015-11-25 11:06:02'),(36,4,5,20000,'2015-11-25 11:06:02','2015-11-25 11:06:02'),(37,5,5,20000,'2015-11-25 11:06:02','2015-11-25 11:06:02'),(38,6,5,20000,'2015-11-25 11:06:02','2015-11-25 11:06:02'),(39,7,5,20000,'2015-11-25 11:06:02','2015-11-25 11:06:02'),(40,8,5,20000,'2015-11-25 11:06:02','2015-11-25 11:06:02'),(41,1,6,50000,'2015-11-25 11:06:02','2015-11-25 11:06:02'),(42,2,6,30000,'2015-11-25 11:06:02','2015-11-25 11:06:02'),(43,3,6,30000,'2015-11-25 11:06:02','2015-11-25 11:06:02'),(44,4,6,20000,'2015-11-25 11:06:02','2015-11-25 11:06:02'),(45,5,6,20000,'2015-11-25 11:06:02','2015-11-25 11:06:02'),(46,6,6,20000,'2015-11-25 11:06:02','2015-11-25 11:06:02'),(47,7,6,20000,'2015-11-25 11:06:02','2015-11-25 11:06:02'),(48,8,6,20000,'2015-11-25 11:06:02','2015-11-25 11:06:02'),(49,1,7,50000,'2015-11-25 11:06:02','2015-11-25 11:06:02'),(50,2,7,30000,'2015-11-25 11:06:02','2015-11-25 11:06:02'),(51,3,7,30000,'2015-11-25 11:06:02','2015-11-25 11:06:02'),(52,4,7,20000,'2015-11-25 11:06:02','2015-11-25 11:06:02'),(53,5,7,20000,'2015-11-25 11:06:02','2015-11-25 11:06:02'),(54,6,7,20000,'2015-11-25 11:06:02','2015-11-25 11:06:02'),(55,7,7,20000,'2015-11-25 11:06:02','2015-11-25 11:06:02'),(56,8,7,20000,'2015-11-25 11:06:02','2015-11-25 11:06:02'),(57,1,8,50000,'2015-11-25 11:06:02','2015-11-25 11:06:02'),(58,2,8,30000,'2015-11-25 11:06:02','2015-11-25 11:06:02'),(59,3,8,30000,'2015-11-25 11:06:02','2015-11-25 11:06:02'),(60,4,8,20000,'2015-11-25 11:06:02','2015-11-25 11:06:02'),(61,5,8,20000,'2015-11-25 11:06:02','2015-11-25 11:06:02'),(62,6,8,20000,'2015-11-25 11:06:02','2015-11-25 11:06:02'),(63,7,8,20000,'2015-11-25 11:06:02','2015-11-25 11:06:02'),(64,8,8,20000,'2015-11-25 11:06:02','2015-11-25 11:06:02'),(65,1,9,50000,'2015-11-25 11:06:02','2015-11-25 11:06:02'),(66,2,9,30000,'2015-11-25 11:06:02','2015-11-25 11:06:02'),(67,3,9,30000,'2015-11-25 11:06:02','2015-11-25 11:06:02'),(68,4,9,20000,'2015-11-25 11:06:02','2015-11-25 11:06:02'),(69,5,9,20000,'2015-11-25 11:06:02','2015-11-25 11:06:02'),(70,6,9,20000,'2015-11-25 11:06:02','2015-11-25 11:06:02'),(71,7,9,20000,'2015-11-25 11:06:03','2015-11-25 11:06:03'),(72,8,9,20000,'2015-11-25 11:06:03','2015-11-25 11:06:03'),(73,1,10,50000,'2015-11-25 11:06:03','2015-11-25 11:06:03'),(74,2,10,30000,'2015-11-25 11:06:03','2015-11-25 11:06:03'),(75,3,10,30000,'2015-11-25 11:06:03','2015-11-25 11:06:03'),(76,4,10,20000,'2015-11-25 11:06:03','2015-11-25 11:06:03'),(77,5,10,20000,'2015-11-25 11:06:03','2015-11-25 11:06:03'),(78,6,10,20000,'2015-11-25 11:06:03','2015-11-25 11:06:03'),(79,7,10,20000,'2015-11-25 11:06:03','2015-11-25 11:06:03'),(80,8,10,20000,'2015-11-25 11:06:03','2015-11-25 11:06:03'),(81,1,11,50000,'2015-11-25 11:06:03','2015-11-25 11:06:03'),(82,2,11,30000,'2015-11-25 11:06:03','2015-11-25 11:06:03'),(83,3,11,30000,'2015-11-25 11:06:03','2015-11-25 11:06:03'),(84,4,11,20000,'2015-11-25 11:06:03','2015-11-25 11:06:03'),(85,5,11,20000,'2015-11-25 11:06:03','2015-11-25 11:06:03'),(86,6,11,20000,'2015-11-25 11:06:03','2015-11-25 11:06:03'),(87,7,11,20000,'2015-11-25 11:06:03','2015-11-25 11:06:03'),(88,8,11,20000,'2015-11-25 11:06:03','2015-11-25 11:06:03'),(89,1,12,50000,'2015-11-25 11:06:03','2015-11-25 11:06:03'),(90,2,12,30000,'2015-11-25 11:06:03','2015-11-25 11:06:03'),(91,3,12,30000,'2015-11-25 11:06:03','2015-11-25 11:06:03'),(92,4,12,20000,'2015-11-25 11:06:03','2015-11-25 11:06:03'),(93,5,12,20000,'2015-11-25 11:06:03','2015-11-25 11:06:03'),(94,6,12,20000,'2015-11-25 11:06:03','2015-11-25 11:06:03'),(95,7,12,20000,'2015-11-25 11:06:03','2015-11-25 11:06:03'),(96,8,12,20000,'2015-11-25 11:06:03','2015-11-25 11:06:03');

/*Table structure for table `subordination` */

DROP TABLE IF EXISTS `subordination`;

CREATE TABLE `subordination` (
  `id` int(10) unsigned NOT NULL AUTO_INCREMENT,
  `user_id` int(10) unsigned NOT NULL,
  `department_id` int(10) unsigned NOT NULL,
  `chief_id` int(10) unsigned NOT NULL,
  `created_at` timestamp NOT NULL DEFAULT '0000-00-00 00:00:00',
  `updated_at` timestamp NOT NULL DEFAULT '0000-00-00 00:00:00',
  PRIMARY KEY (`id`)
) ENGINE=InnoDB AUTO_INCREMENT=9 DEFAULT CHARSET=utf8;

/*Data for the table `subordination` */

insert  into `subordination`(`id`,`user_id`,`department_id`,`chief_id`,`created_at`,`updated_at`) values (1,1,1,0,'2015-11-25 11:06:03','2015-11-25 11:06:03'),(2,2,2,1,'2015-11-25 11:06:03','2015-11-25 11:06:03'),(3,3,3,1,'2015-11-25 11:06:03','2015-11-25 11:06:03'),(4,4,2,2,'2015-11-25 11:06:03','2015-11-25 11:06:03'),(5,5,2,2,'2015-11-25 11:06:03','2015-11-25 11:06:03'),(6,6,2,2,'2015-11-25 11:06:03','2015-11-25 11:06:03'),(7,7,2,2,'2015-11-25 11:06:03','2015-11-25 11:06:03'),(8,8,3,3,'2015-11-25 11:06:03','2015-11-25 11:06:03');

/*Table structure for table `users` */

DROP TABLE IF EXISTS `users`;

CREATE TABLE `users` (
  `id` int(10) unsigned NOT NULL AUTO_INCREMENT,
  `name` varchar(255) NOT NULL,
  `sec_name` varchar(255) NOT NULL,
  `th_name` varchar(255) NOT NULL,
  `position` varchar(255) NOT NULL,
  `code` varchar(255) NOT NULL,
  `email` varchar(255) NOT NULL,
  `created_at` timestamp NOT NULL DEFAULT '0000-00-00 00:00:00',
  `updated_at` timestamp NOT NULL DEFAULT '0000-00-00 00:00:00',
  PRIMARY KEY (`id`),
  UNIQUE KEY `users_email_unique` (`email`)
) ENGINE=InnoDB AUTO_INCREMENT=9 DEFAULT CHARSET=utf8;

/*Data for the table `users` */

insert  into `users`(`id`,`name`,`sec_name`,`th_name`,`position`,`code`,`email`,`created_at`,`updated_at`) values (1,'Имя 1','Фамилия 1','Отчество 1','Директор','11111','Director@director.com','2015-11-25 11:06:00','2015-11-25 11:06:00'),(2,'Имя 2','Фамилия 2','Отчество 2','Начальник отдела IT','22222','Chief@chief.com','2015-11-25 11:06:00','2015-11-25 11:06:00'),(3,'Имя 3','Фамилия 3','Отчество 3','Главный бухгалтер','33333','Chief_accountant@accountant.com','2015-11-25 11:06:00','2015-11-25 11:06:00'),(4,'Имя 4','Фамилия 4','Отчество 4','Программист 1','44444','Prog1@prog.com','2015-11-25 11:06:00','2015-11-25 11:06:00'),(5,'Имя 5','Фамилия 5','Отчество 5','Программист 2','55555','Prog2@prog.com','2015-11-25 11:06:00','2015-11-25 11:06:00'),(6,'Имя 6','Фамилия 6','Отчество 6','Программист 3','66666','Prog3@prog.com','2015-11-25 11:06:00','2015-11-25 11:06:00'),(7,'Имя 7','Фамилия 7','Отчество 7','Админ','77777','Admin@admin.com','2015-11-25 11:06:00','2015-11-25 11:06:00'),(8,'Имя 8','Фамилия 8','Отчество 8','Бухгалтер','88888','Accountant@accountant.com','2015-11-25 11:06:01','2015-11-25 11:06:01');

/*!40101 SET SQL_MODE=@OLD_SQL_MODE */;
/*!40014 SET FOREIGN_KEY_CHECKS=@OLD_FOREIGN_KEY_CHECKS */;
/*!40014 SET UNIQUE_CHECKS=@OLD_UNIQUE_CHECKS */;
/*!40111 SET SQL_NOTES=@OLD_SQL_NOTES */;
